{"cameraMode":{"drawMode":0,"name":"Shaded","section":"Shading Mode"},"sceneLighting":false,"audioPlay":false,"sceneViewState":{"m_AlwaysRefresh":false,"showFog":true,"showSkybox":false,"showFlares":true,"showImageEffects":true,"showParticleSystems":true,"showVisualEffectGraphs":true,"m_FxEnabled":false},"in2DMode":false,"pivot":{"x":6.1501970291137699,"y":3.0999999046325685,"z":-12.43264389038086},"rotation":{"x":-0.11107659339904785,"y":0.0035770221147686245,"z":-0.0003963033377658576,"w":-0.9937835335731506},"size":0.8660253882408142,"orthographic":false}