{"cameraMode":{"drawMode":0,"name":"Shaded","section":"Shading Mode"},"sceneLighting":true,"audioPlay":false,"sceneViewState":{"m_AlwaysRefresh":false,"showFog":true,"showSkybox":true,"showFlares":true,"showImageEffects":true,"showParticleSystems":true,"showVisualEffectGraphs":true,"m_FxEnabled":false},"in2DMode":false,"pivot":{"x":49.89875793457031,"y":-11.200404167175293,"z":21.385940551757814},"rotation":{"x":-0.1689346730709076,"y":-0.024248171597719194,"z":0.004156616982072592,"w":-0.9853240847587586},"size":51.3394775390625,"orthographic":false}